metric,time,residue,value,unit
RMSD,0.0,,5.823003974702275e-07,Å
RMSD,10.0,,0.7200691536718672,Å
RMSD,20.0,,0.7861019173760238,Å
RMSD,30.0,,0.7634220964465073,Å
RMSD,40.0,,0.8026130536877288,Å
RMSD,50.0,,0.7502805998776964,Å
RMSD,60.0,,0.8702126351228805,Å
RMSD,70.0,,0.852579304479936,Å
RMSD,80.0,,0.8373639754782624,Å
RMSD,90.0,,0.8174235084586352,Å
RMSD,100.0,,0.8413079128439476,Å
RMSD,110.0,,0.9084917242788297,Å
RMSD,120.0,,0.8819501539382942,Å
RMSD,130.0,,0.8676385565865962,Å
RMSD,140.0,,0.9068154646414,Å
RMSD,150.0,,0.9092030870665935,Å
RMSD,160.0,,0.8759401630986543,Å
RMSD,170.0,,0.8951480147738274,Å
RMSD,180.0,,0.7848497574200731,Å
RMSD,190.0,,0.8339571262136326,Å
RMSD,200.0,,0.8264028885736076,Å
RMSD,210.0,,0.923860358713237,Å
RMSD,220.0,,0.9496846189523618,Å
RMSD,230.0,,0.8824879891949279,Å
RMSD,240.0,,0.78034576531662,Å
RMSD,250.0,,0.8778249467071972,Å
RMSD,260.0,,0.8664779351515601,Å
RMSD,270.0,,0.7762831273318938,Å
RMSD,280.0,,0.9031097599431803,Å
RMSD,290.0,,0.8915864011488492,Å
RMSD,300.0,,0.8827718691832529,Å
RMSD,310.0,,0.8705068243242657,Å
RMSD,320.0,,0.8002979407209099,Å
RMSD,330.0,,0.8235880981621948,Å
RMSD,340.0,,0.899446096462171,Å
RMSD,350.0,,0.8458948148591344,Å
RMSD,360.0,,0.9620229969689903,Å
RMSD,370.0,,0.942151139160603,Å
RMSD,380.0,,0.9036455933833901,Å
RMSD,390.0,,0.979134869750744,Å
RMSD,400.0,,0.9027518641663693,Å
RMSD,410.0,,0.8924514992011693,Å
RMSD,420.0,,0.9610744306870299,Å
RMSD,430.0,,0.8234244215359455,Å
RMSD,440.0,,0.8833214243356203,Å
RMSD,450.0,,0.8437549753108881,Å
RMSD,460.0,,0.8398256454164743,Å
RMSD,470.0,,0.8297863871072004,Å
RMSD,480.0,,0.8643235228194404,Å
RMSD,490.0,,0.8813848306031691,Å
RMSD,500.0,,0.8498526745363384,Å
RMSD,510.0,,0.9116314190763506,Å
RMSD,520.0,,0.8833738842938267,Å
RMSD,530.0,,1.024271081933014,Å
RMSD,540.0,,0.8907107962154968,Å
RMSD,550.0,,0.8344916336971998,Å
RMSD,560.0,,0.9979840171934433,Å
RMSD,570.0,,0.8226936608983768,Å
RMSD,580.0,,0.9111910516936922,Å
RMSD,590.0,,1.0820842702318174,Å
RMSD,600.0,,1.0269296267933157,Å
RMSD,610.0,,1.0815266941105515,Å
RMSD,620.0,,0.9995166810476496,Å
RMSD,630.0,,1.1533639654974508,Å
RMSD,640.0,,1.142789393944749,Å
RMSD,650.0,,1.0003781765350295,Å
RMSD,660.0,,1.1066083308323136,Å
RMSD,670.0,,1.2648526785833747,Å
RMSD,680.0,,1.1120196459698173,Å
RMSD,690.0,,1.0969127043015445,Å
RMSD,700.0,,1.0987848839487497,Å
RMSD,710.0,,1.0687153766452229,Å
RMSD,720.0,,1.2173924924522903,Å
RMSD,730.0,,1.1603914042814503,Å
RMSD,740.0,,1.2038131755448147,Å
RMSD,750.0,,1.076740963389089,Å
RMSD,760.0,,1.081348756622381,Å
RMSD,770.0,,0.9642934641390737,Å
RMSD,780.0,,1.0707703957884556,Å
RMSD,790.0,,1.0555512432071448,Å
RMSD,800.0,,1.1215188311300035,Å
RMSD,810.0,,1.1020136469787996,Å
RMSD,820.0,,1.125731398017858,Å
RMSD,830.0,,1.112187795628339,Å
RMSD,840.0,,0.9972588424279538,Å
RMSD,850.0,,0.9845066602932031,Å
RMSD,860.0,,1.047699920667825,Å
RMSD,870.0,,1.0315877100780395,Å
RMSD,880.0,,1.068486327184401,Å
RMSD,890.0,,1.0247745381286022,Å
RMSD,900.0,,1.1430911555703687,Å
RMSD,910.0,,1.058332870332037,Å
RMSD,920.0,,1.1586884326560059,Å
RMSD,930.0,,1.1077782824265214,Å
RMSD,940.0,,1.0882273115027337,Å
RMSD,950.0,,1.016295996773993,Å
RMSD,960.0,,0.9272288428151383,Å
RMSD,970.0,,1.0281420123855594,Å
RMSD,980.0,,1.0029927173946993,Å
RMSD,990.0,,0.9180388327129815,Å
RMSD,1000.0,,0.9587999345110253,Å
RMSF,,1,0.5607847738787397,Å
RMSF,,2,0.48501367215908764,Å
RMSF,,3,0.4067322170366381,Å
RMSF,,4,0.5632559410455659,Å
RMSF,,5,0.7231549119093693,Å
RMSF,,6,0.458541922682678,Å
RMSF,,7,0.4795621372749373,Å
RMSF,,8,0.3953577622429104,Å
RMSF,,9,0.43069517766124216,Å
RMSF,,10,0.44901104640154027,Å
RMSF,,11,0.46440795424954523,Å
RMSF,,12,0.4249588452534646,Å
RMSF,,13,0.4688278398658526,Å
RMSF,,14,0.5449541204701186,Å
RMSF,,15,0.5774288745871203,Å
RMSF,,16,0.6511321850201074,Å
RMSF,,17,0.5753734455277953,Å
RMSF,,18,0.7309567320536574,Å
RMSF,,19,0.776854666499359,Å
RMSF,,20,0.6143418087344035,Å
RMSF,,21,0.576526748217325,Å
RMSF,,22,0.8126655220150147,Å
RMSF,,23,0.497785976370895,Å
RMSF,,24,0.4835351844584484,Å
RMSF,,25,0.4056666464013488,Å
RMSF,,26,0.42252563073768157,Å
RMSF,,27,0.39032243274711986,Å
RMSF,,28,0.40873748822488304,Å
RMSF,,29,0.40582284276624236,Å
RMSF,,30,0.38736280263192685,Å
RMSF,,31,0.5193718977504204,Å
RMSF,,32,0.542552671719596,Å
RMSF,,33,0.4610399750286401,Å
RMSF,,34,0.5404143926845146,Å
RMSF,,35,0.6984955701339227,Å
RMSF,,36,0.46220539635922886,Å
RMSF,,37,0.43391900955797813,Å
RMSF,,38,0.36673042823684665,Å
RMSF,,39,0.40901054333021347,Å
RMSF,,40,0.41515529086615044,Å
RMSF,,41,0.46987226605535704,Å
RMSF,,42,0.4553142348382105,Å
RMSF,,43,0.4475924429387761,Å
RMSF,,44,0.5285221372287281,Å
RMSF,,45,0.5708068337568485,Å
RMSF,,46,0.6696445143657422,Å
RMSF,,47,0.9832825876398521,Å
RMSF,,48,0.9465734150494097,Å
RMSF,,49,0.8455188178777773,Å
RMSF,,50,0.528009991298549,Å
RMSF,,51,0.40616437624408247,Å
RMSF,,52,0.39813029985735593,Å
RMSF,,53,0.3382558970844223,Å
RMSF,,54,0.4229287788786108,Å
RMSF,,55,0.39347748181411385,Å
RMSF,,56,0.44294455380381387,Å
RMSF,,57,0.38367380582292393,Å
RMSF,,58,0.391620500358305,Å
RMSF,,59,0.3967559313220012,Å
RMSF,,60,0.3873073707538315,Å
RMSF,,61,0.46237835475859385,Å
RMSF,,62,0.599514961536837,Å
RMSF,,63,0.40817552557848913,Å
RMSF,,64,0.40404367197668783,Å
RMSF,,65,0.4520322091051948,Å
RMSF,,66,0.5421023114308287,Å
RMSF,,67,0.6575333397887567,Å
RMSF,,68,0.6545380731880382,Å
RMSF,,69,0.6690253035102903,Å
RMSF,,70,1.1375636059843153,Å
RMSF,,71,1.1085822717783258,Å
RMSF,,72,0.6329018418354978,Å
RMSF,,73,0.7039979831295449,Å
RMSF,,74,0.5025367431151201,Å
RMSF,,75,0.5270266706039587,Å
RMSF,,76,0.5194088760166549,Å
RMSF,,77,0.5844640592255695,Å
RMSF,,78,0.5071229173387671,Å
RMSF,,79,0.45860646984051373,Å
RMSF,,80,0.3468788500384572,Å
RMSF,,81,0.4841493038044455,Å
RMSF,,82,0.5001674414253524,Å
RMSF,,83,0.4405748620503303,Å
RMSF,,84,0.5063414521765587,Å
RMSF,,85,0.5453030158501454,Å
RMSF,,86,0.5941772365914678,Å
RMSF,,87,0.6371097226600129,Å
RMSF,,88,0.5292172796266615,Å
RMSF,,89,0.563900859402123,Å
RMSF,,90,0.47952457702786094,Å
RMSF,,91,0.4233073046845589,Å
RMSF,,92,0.4458943739135586,Å
RMSF,,93,0.40959648402667,Å
RMSF,,94,0.39385325460340387,Å
RMSF,,95,0.4454024226815489,Å
RMSF,,96,0.4379055613184305,Å
RMSF,,97,0.5054439370752378,Å
RMSF,,98,0.47575214443427777,Å
RMSF,,99,0.701241678211138,Å
RMSF,,100,0.9553523414803899,Å
RMSF,,101,1.0384863758025702,Å
RMSF,,102,1.0678803194627313,Å
RMSF,,103,1.714984117016032,Å
RMSF,,104,1.3927419925530944,Å
RMSF,,105,0.8334170445838368,Å
RMSF,,106,0.6398720382513878,Å
RMSF,,107,1.0140081518165884,Å
RMSF,,108,0.9656731871103262,Å
RMSF,,109,0.994343325259157,Å
RMSF,,110,0.9648038678659447,Å
RMSF,,111,0.6602176898715751,Å
RMSF,,112,0.49543619004289097,Å
RMSF,,113,0.5605467433735536,Å
RMSF,,114,0.5665486196100387,Å
RMSF,,115,0.5184343148802654,Å
RMSF,,116,0.6830872045783251,Å
RMSF,,117,1.1239621522131715,Å
RMSF,,118,0.8327370299156306,Å
RMSF,,119,0.7500863491809014,Å
RMSF,,120,0.6832151127193505,Å
RMSF,,121,0.677226843718297,Å
RMSF,,122,0.6201066585397219,Å
RMSF,,123,0.6349585883961686,Å
RMSF,,124,0.5620629950126884,Å
RMSF,,125,0.5605594544688891,Å
RMSF,,126,0.7967104144885598,Å
RMSF,,127,0.5875917351634624,Å
RMSF,,128,0.8920746111959993,Å
RMSF,,129,1.2070542035202807,Å
Rg,0.0,,14.071054049372334,Å
Rg,10.0,,14.224179347857312,Å
Rg,20.0,,14.249950322241643,Å
Rg,30.0,,14.285167614434783,Å
Rg,40.0,,14.314913980575506,Å
Rg,50.0,,14.256139896026676,Å
Rg,60.0,,14.328239149756405,Å
Rg,70.0,,14.357735627763944,Å
Rg,80.0,,14.192552547609807,Å
Rg,90.0,,14.251136353743485,Å
Rg,100.0,,14.277995996096614,Å
Rg,110.0,,14.279185642180448,Å
Rg,120.0,,14.265457317657292,Å
Rg,130.0,,14.228279134038237,Å
Rg,140.0,,14.268990747504064,Å
Rg,150.0,,14.09016970986552,Å
Rg,160.0,,14.150414001242384,Å
Rg,170.0,,14.210992151999351,Å
Rg,180.0,,14.154268785778434,Å
Rg,190.0,,14.13170508881746,Å
Rg,200.0,,14.102018411789773,Å
Rg,210.0,,14.100220378848048,Å
Rg,220.0,,14.103548165375102,Å
Rg,230.0,,14.113959023875998,Å
Rg,240.0,,14.156051390825304,Å
Rg,250.0,,14.030611210181894,Å
Rg,260.0,,14.061687421706738,Å
Rg,270.0,,14.15462699907567,Å
Rg,280.0,,14.218569199192459,Å
Rg,290.0,,14.224648434383907,Å
Rg,300.0,,14.261592196176867,Å
Rg,310.0,,14.145028000517343,Å
Rg,320.0,,14.113832634646322,Å
Rg,330.0,,14.155401300824591,Å
Rg,340.0,,14.213183659305322,Å
Rg,350.0,,14.133690194156836,Å
Rg,360.0,,14.13950406588142,Å
Rg,370.0,,14.248411707506841,Å
Rg,380.0,,14.237259496111372,Å
Rg,390.0,,14.192249822721982,Å
Rg,400.0,,14.168109630677307,Å
Rg,410.0,,14.202765977794684,Å
Rg,420.0,,14.19094426321362,Å
Rg,430.0,,14.15986049323187,Å
Rg,440.0,,14.151741241673355,Å
Rg,450.0,,14.112780883702982,Å
Rg,460.0,,14.032834526446663,Å
Rg,470.0,,14.201986486209085,Å
Rg,480.0,,14.09792293581796,Å
Rg,490.0,,14.227374713798943,Å
Rg,500.0,,14.151556776033162,Å
Rg,510.0,,14.16557075712205,Å
Rg,520.0,,14.199464116924219,Å
Rg,530.0,,14.209174332944766,Å
Rg,540.0,,14.107579195770146,Å
Rg,550.0,,14.09684863209201,Å
Rg,560.0,,14.1665045881756,Å
Rg,570.0,,14.075062798258399,Å
Rg,580.0,,14.096999761598898,Å
Rg,590.0,,14.18986004255053,Å
Rg,600.0,,14.248375584544725,Å
Rg,610.0,,14.18197277441864,Å
Rg,620.0,,14.148586979747195,Å
Rg,630.0,,14.17292709163822,Å
Rg,640.0,,14.252587457179379,Å
Rg,650.0,,14.170812270458674,Å
Rg,660.0,,14.188832410715262,Å
Rg,670.0,,14.171302341594018,Å
Rg,680.0,,14.163622977634583,Å
Rg,690.0,,14.170563566818823,Å
Rg,700.0,,14.11174958172567,Å
Rg,710.0,,14.152541231239216,Å
Rg,720.0,,14.11949845969367,Å
Rg,730.0,,14.133463948616596,Å
Rg,740.0,,14.105046023640647,Å
Rg,750.0,,14.166666448963264,Å
Rg,760.0,,14.20829932842962,Å
Rg,770.0,,14.096333708501659,Å
Rg,780.0,,14.165768563325623,Å
Rg,790.0,,14.066860867903289,Å
Rg,800.0,,14.196119405328846,Å
Rg,810.0,,14.095000976218552,Å
Rg,820.0,,14.103074599015418,Å
Rg,830.0,,14.12754231451483,Å
Rg,840.0,,14.092459345965942,Å
Rg,850.0,,14.108315971918707,Å
Rg,860.0,,14.185369081975407,Å
Rg,870.0,,14.09956344334459,Å
Rg,880.0,,14.063319696367957,Å
Rg,890.0,,14.067901796465323,Å
Rg,900.0,,14.154916405686544,Å
Rg,910.0,,14.020748689712793,Å
Rg,920.0,,14.06721045168768,Å
Rg,930.0,,14.038547956822649,Å
Rg,940.0,,14.177288842798728,Å
Rg,950.0,,14.092669248524555,Å
Rg,960.0,,14.126218650509847,Å
Rg,970.0,,14.076012771416698,Å
Rg,980.0,,14.225211031689422,Å
Rg,990.0,,14.243078075800266,Å
Rg,1000.0,,14.138180339700622,Å
SASA_total,0.0,,66.5281753540039,Å²
SASA_total,10.0,,67.92269897460938,Å²
SASA_total,20.0,,70.19970703125,Å²
SASA_total,30.0,,70.33929443359375,Å²
SASA_total,40.0,,70.85568237304688,Å²
SASA_total,50.0,,70.28204345703125,Å²
SASA_total,60.0,,70.3707046508789,Å²
SASA_total,70.0,,71.51624298095703,Å²
SASA_total,80.0,,69.80665588378906,Å²
SASA_total,90.0,,71.16109466552734,Å²
SASA_total,100.0,,71.59758758544922,Å²
SASA_total,110.0,,72.01384735107422,Å²
SASA_total,120.0,,72.65531921386719,Å²
SASA_total,130.0,,71.84013366699219,Å²
SASA_total,140.0,,72.38102722167969,Å²
SASA_total,150.0,,70.16729736328125,Å²
SASA_total,160.0,,71.10037231445312,Å²
SASA_total,170.0,,70.82222747802734,Å²
SASA_total,180.0,,71.08163452148438,Å²
SASA_total,190.0,,71.14942932128906,Å²
SASA_total,200.0,,70.80603790283203,Å²
SASA_total,210.0,,69.6926498413086,Å²
SASA_total,220.0,,70.13833618164062,Å²
SASA_total,230.0,,69.00808715820312,Å²
SASA_total,240.0,,70.56678009033203,Å²
SASA_total,250.0,,68.82815551757812,Å²
SASA_total,260.0,,68.74718475341797,Å²
SASA_total,270.0,,70.47222900390625,Å²
SASA_total,280.0,,70.91049194335938,Å²
SASA_total,290.0,,70.1205825805664,Å²
SASA_total,300.0,,70.6690444946289,Å²
SASA_total,310.0,,68.5384292602539,Å²
SASA_total,320.0,,69.3104248046875,Å²
SASA_total,330.0,,69.2098617553711,Å²
SASA_total,340.0,,70.77508544921875,Å²
SASA_total,350.0,,68.9914321899414,Å²
SASA_total,360.0,,70.29472351074219,Å²
SASA_total,370.0,,70.75778198242188,Å²
SASA_total,380.0,,69.89097595214844,Å²
SASA_total,390.0,,70.23542785644531,Å²
SASA_total,400.0,,69.7005844116211,Å²
SASA_total,410.0,,69.7151870727539,Å²
SASA_total,420.0,,68.82691192626953,Å²
SASA_total,430.0,,69.12574768066406,Å²
SASA_total,440.0,,68.8628158569336,Å²
SASA_total,450.0,,68.61625671386719,Å²
SASA_total,460.0,,68.33438873291016,Å²
SASA_total,470.0,,69.24465942382812,Å²
SASA_total,480.0,,68.78515625,Å²
SASA_total,490.0,,69.33091735839844,Å²
SASA_total,500.0,,69.71212005615234,Å²
SASA_total,510.0,,70.09880828857422,Å²
SASA_total,520.0,,70.50739288330078,Å²
SASA_total,530.0,,70.6175537109375,Å²
SASA_total,540.0,,68.86851501464844,Å²
SASA_total,550.0,,69.47211456298828,Å²
SASA_total,560.0,,70.59857177734375,Å²
SASA_total,570.0,,69.267333984375,Å²
SASA_total,580.0,,69.26771545410156,Å²
SASA_total,590.0,,69.48757934570312,Å²
SASA_total,600.0,,70.05699157714844,Å²
SASA_total,610.0,,70.37720489501953,Å²
SASA_total,620.0,,70.89837646484375,Å²
SASA_total,630.0,,70.56159973144531,Å²
SASA_total,640.0,,70.90188598632812,Å²
SASA_total,650.0,,70.15132904052734,Å²
SASA_total,660.0,,70.56914520263672,Å²
SASA_total,670.0,,69.42703247070312,Å²
SASA_total,680.0,,69.57843780517578,Å²
SASA_total,690.0,,69.70855712890625,Å²
SASA_total,700.0,,70.65486907958984,Å²
SASA_total,710.0,,70.1214599609375,Å²
SASA_total,720.0,,70.79985046386719,Å²
SASA_total,730.0,,71.53382110595703,Å²
SASA_total,740.0,,72.295166015625,Å²
SASA_total,750.0,,71.7321548461914,Å²
SASA_total,760.0,,71.30650329589844,Å²
SASA_total,770.0,,69.89693450927734,Å²
SASA_total,780.0,,70.06368255615234,Å²
SASA_total,790.0,,71.27923583984375,Å²
SASA_total,800.0,,70.38029479980469,Å²
SASA_total,810.0,,70.0758056640625,Å²
SASA_total,820.0,,70.77799987792969,Å²
SASA_total,830.0,,70.84896087646484,Å²
SASA_total,840.0,,69.88174438476562,Å²
SASA_total,850.0,,70.05931091308594,Å²
SASA_total,860.0,,71.16427612304688,Å²
SASA_total,870.0,,69.6438980102539,Å²
SASA_total,880.0,,69.76335144042969,Å²
SASA_total,890.0,,70.2684555053711,Å²
SASA_total,900.0,,71.44815826416016,Å²
SASA_total,910.0,,70.82977294921875,Å²
SASA_total,920.0,,70.75624084472656,Å²
SASA_total,930.0,,70.4190673828125,Å²
SASA_total,940.0,,70.19918823242188,Å²
SASA_total,950.0,,69.63288116455078,Å²
SASA_total,960.0,,69.63275909423828,Å²
SASA_total,970.0,,69.80033874511719,Å²
SASA_total,980.0,,71.13219451904297,Å²
SASA_total,990.0,,70.30572509765625,Å²
SASA_total,1000.0,,70.31977844238281,Å²
SS_helix_fraction,,,"[0.40310077519379844, 0.37209302325581395, 0.40310077519379844, 0.37209302325581395, 0.3953488372093023, 0.3875968992248062, 0.35658914728682173, 0.37209302325581395, 0.37209302325581395, 0.34108527131782945, 0.3953488372093023, 0.3488372093023256, 0.3643410852713178, 0.3798449612403101, 0.35658914728682173, 0.3488372093023256, 0.3178294573643411, 0.3643410852713178, 0.3875968992248062, 0.3178294573643411, 0.3333333333333333, 0.3488372093023256, 0.3643410852713178, 0.31007751937984496, 0.32558139534883723, 0.29457364341085274, 0.3023255813953488, 0.3333333333333333, 0.3488372093023256, 0.3333333333333333, 0.3023255813953488, 0.3875968992248062, 0.3875968992248062, 0.3798449612403101, 0.32558139534883723, 0.37209302325581395, 0.35658914728682173, 0.3798449612403101, 0.3488372093023256, 0.3643410852713178, 0.35658914728682173, 0.3488372093023256, 0.3178294573643411, 0.35658914728682173, 0.32558139534883723, 0.3488372093023256, 0.31007751937984496, 0.27906976744186046, 0.3333333333333333, 0.3488372093023256, 0.3178294573643411, 0.27906976744186046, 0.3643410852713178, 0.31007751937984496, 0.3643410852713178, 0.34108527131782945, 0.3875968992248062, 0.3643410852713178, 0.34108527131782945, 0.3488372093023256, 0.3798449612403101, 0.3643410852713178, 0.3488372093023256, 0.35658914728682173, 0.3023255813953488, 0.35658914728682173, 0.3023255813953488, 0.3333333333333333, 0.35658914728682173, 0.37209302325581395, 0.3333333333333333, 0.35658914728682173, 0.3953488372093023, 0.3798449612403101, 0.3488372093023256, 0.27906976744186046, 0.3178294573643411, 0.35658914728682173, 0.32558139534883723, 0.3643410852713178, 0.34108527131782945, 0.3178294573643411, 0.3023255813953488, 0.3488372093023256, 0.3953488372093023, 0.35658914728682173, 0.35658914728682173, 0.31007751937984496, 0.37209302325581395, 0.3023255813953488, 0.34108527131782945, 0.3643410852713178, 0.3488372093023256, 0.3643410852713178, 0.3798449612403101, 0.3953488372093023, 0.3488372093023256, 0.37209302325581395, 0.35658914728682173, 0.3643410852713178, 0.35658914728682173]",fraction
SS_sheet_fraction,,,"[0.10852713178294573, 0.10852713178294573, 0.10852713178294573, 0.09302325581395349, 0.09302325581395349, 0.10852713178294573, 0.09302325581395349, 0.09302325581395349, 0.10077519379844961, 0.10852713178294573, 0.09302325581395349, 0.10852713178294573, 0.10852713178294573, 0.09302325581395349, 0.10852713178294573, 0.10077519379844961, 0.10852713178294573, 0.09302325581395349, 0.10852713178294573, 0.10852713178294573, 0.12403100775193798, 0.09302325581395349, 0.10852713178294573, 0.12403100775193798, 0.10852713178294573, 0.10852713178294573, 0.10852713178294573, 0.10852713178294573, 0.10852713178294573, 0.10852713178294573, 0.10852713178294573, 0.10852713178294573, 0.12403100775193798, 0.09302325581395349, 0.10852713178294573, 0.10852713178294573, 0.10852713178294573, 0.10852713178294573, 0.10852713178294573, 0.10852713178294573, 0.10852713178294573, 0.10852713178294573, 0.10852713178294573, 0.10852713178294573, 0.10852713178294573, 0.10077519379844961, 0.10852713178294573, 0.10852713178294573, 0.10852713178294573, 0.12403100775193798, 0.12403100775193798, 0.10852713178294573, 0.10852713178294573, 0.10852713178294573, 0.10852713178294573, 0.10852713178294573, 0.10852713178294573, 0.10852713178294573, 0.10852713178294573, 0.10852713178294573, 0.10852713178294573, 0.10852713178294573, 0.09302325581395349, 0.09302325581395349, 0.10852713178294573, 0.10852713178294573, 0.10852713178294573, 0.09302325581395349, 0.10852713178294573, 0.10852713178294573, 0.10852713178294573, 0.10852713178294573, 0.10852713178294573, 0.10852713178294573, 0.10852713178294573, 0.10852713178294573, 0.10852713178294573, 0.10852713178294573, 0.10852713178294573, 0.10852713178294573, 0.10852713178294573, 0.10852713178294573, 0.10852713178294573, 0.10852713178294573, 0.10852713178294573, 0.10852713178294573, 0.10852713178294573, 0.10852713178294573, 0.10852713178294573, 0.10852713178294573, 0.12403100775193798, 0.10852713178294573, 0.10852713178294573, 0.10852713178294573, 0.10852713178294573, 0.10852713178294573, 0.12403100775193798, 0.10852713178294573, 0.10852713178294573, 0.10852713178294573, 0.12403100775193798]",fraction
SS_coil_fraction,,,"[0.4806201550387597, 0.5116279069767442, 0.4806201550387597, 0.5271317829457365, 0.5038759689922481, 0.49612403100775193, 0.5426356589147286, 0.5271317829457365, 0.5193798449612403, 0.5426356589147286, 0.5038759689922481, 0.5348837209302325, 0.5193798449612403, 0.5193798449612403, 0.5271317829457365, 0.5426356589147286, 0.5658914728682171, 0.5348837209302325, 0.49612403100775193, 0.5658914728682171, 0.5348837209302325, 0.5503875968992248, 0.5193798449612403, 0.5581395348837209, 0.5581395348837209, 0.5891472868217055, 0.5813953488372093, 0.5503875968992248, 0.5348837209302325, 0.5503875968992248, 0.5813953488372093, 0.49612403100775193, 0.4806201550387597, 0.5193798449612403, 0.5581395348837209, 0.5116279069767442, 0.5271317829457365, 0.5038759689922481, 0.5348837209302325, 0.5193798449612403, 0.5271317829457365, 0.5348837209302325, 0.5658914728682171, 0.5271317829457365, 0.5581395348837209, 0.5426356589147286, 0.5736434108527132, 0.6046511627906976, 0.5503875968992248, 0.5193798449612403, 0.5503875968992248, 0.6046511627906976, 0.5193798449612403, 0.5736434108527132, 0.5193798449612403, 0.5426356589147286, 0.49612403100775193, 0.5193798449612403, 0.5426356589147286, 0.5348837209302325, 0.5038759689922481, 0.5193798449612403, 0.5503875968992248, 0.5426356589147286, 0.5813953488372093, 0.5271317829457365, 0.5813953488372093, 0.5658914728682171, 0.5271317829457365, 0.5116279069767442, 0.5503875968992248, 0.5271317829457365, 0.4883720930232558, 0.5038759689922481, 0.5348837209302325, 0.6046511627906976, 0.5658914728682171, 0.5271317829457365, 0.5581395348837209, 0.5193798449612403, 0.5426356589147286, 0.5658914728682171, 0.5813953488372093, 0.5348837209302325, 0.4883720930232558, 0.5271317829457365, 0.5271317829457365, 0.5736434108527132, 0.5116279069767442, 0.5813953488372093, 0.5271317829457365, 0.5193798449612403, 0.5348837209302325, 0.5193798449612403, 0.5038759689922481, 0.4883720930232558, 0.5193798449612403, 0.5116279069767442, 0.5271317829457365, 0.5193798449612403, 0.5116279069767442]",fraction
Entropy_total,,,1.8699,kJ/mol/K
PCA_variance_PC1,,,0.24494509398937225,fraction
PCA_variance_PC2,,,0.09659218788146973,fraction
PCA_variance_PC3,,,0.05925412476062775,fraction
PCA_variance_PC4,,,0.04977283999323845,fraction
PCA_variance_PC5,,,0.042772743850946426,fraction
PCA_variance_PC6,,,0.03730016574263573,fraction
PCA_variance_PC7,,,0.03373832628130913,fraction
PCA_variance_PC8,,,0.030199918895959854,fraction
PCA_variance_PC9,,,0.024108609184622765,fraction
PCA_variance_PC10,,,0.023593837395310402,fraction
Convergence_score,,,0.742,0-1
Convergence_RMSD_drift,,,0.239,fraction
Clustering_n_clusters,,,2,count
MSM_n_states,,,3,count
Allosteric_hub,,52,0,score
Allosteric_hub,,51,0,score
Allosteric_hub,,45,0,score
Allosteric_hub,,59,0,score
Allosteric_hub,,44,0,score
Allosteric_hub,,40,0,score
